﻿id_event;name_event
1;Звучащий холст
2;Симфония света
3;Звучащий контраст
4;Ритмы вдохновения
5;Ритмы идентичности
6;Перезагрузка восприятия
7;Пересечение эпох
8;Симфония эмоций
9;Прорыв в реальность
10;Эволюция контрастов
11;Ритмы времени
12;Эволюция форм
13;Прорыв в абстракции
14;Отражение культуры
15;Ритмы сознания
16;Магия абстракции
17;Границы творчества
18;Динамика цвета
19;Новые горизонты
20;Поток сознания
21;Великое искусство XX века
22;Конструктивизм в фотографии
23;Отражение души
24;Эволюция образов
25;Текст как образ
26;Зеркала идей
27;Символы трансформации
28;Символы времени
29;Эксперимент восприятия
30;Зеркальная иллюзия
31;Брутализм в кино
32;Прорыв в искусстве
33;Эмоциональная палитра
34;Символы эпохи
35;Символы души
36;Игра с реальностью
37;Магия современности
38;Гармония контрастов
39;Отражение будущего
40;Переплетение идей
41;Контрасты вдохновения
42;Симфония движения
43;Контрасты света
44;Звучащий мир
45;Контрасты современности
46;Эмоции в пространстве
47;Отражение современности
48;Новые измерения
49;Перезагрузка идей
50;Гармония диссонанса
51;Магия перспективы
52;Эмоции в движении
53;Пересечение реальностей
54;Зеркала души
55;Синергия форм
56;Скульптура времени
57;Парадоксы искусства
58;Скульптура вдохновения
59;Переплетение смыслов
60;Эволюция эмоций
61;Зеркала времени
62;Парадоксы восприятия
63;Старый город
64;Отражение идентичности
65;Пересечение культур
66;Парадоксы творчества
67;Отражение идей
68;Перезагрузка форм
69;Парадоксы цвета
70;Игра с абстракцией
71;Контрасты идей
72;Трансформация идей
73;Перезагрузка творчества
74;Отражение мира
75;Динамика восприятия
76;Новые перспективы
77;Скульптура эмоций
78;Гармония эмоций
79;Игра с перспективой
