Топ,Площадка,Общая выручка,Кластер,Группа по выручке
1,Плэнер,1011280,0,Высокая
2,Этюд,681160,1,Средняя
3,Мольберт,564805,1,Средняя
4,Перспектива,518060,1,Средняя
5,Пастель,357960,2,Низкая
6,Холод,352560,2,Низкая
7,Колорит,290515,2,Низкая
8,Арт,225300,2,Низкая
9,Перфоманс,218870,2,Низкая
10,Ветер,209190,2,Низкая
11,Кисть,207795,2,Низкая
12,Технология,200640,2,Низкая
13,Монолог,188840,2,Низкая
14,Ритм,187015,2,Низкая
15,Партитура,173600,2,Низкая
16,Афиша,172325,2,Низкая
17,Гризайл,157805,2,Низкая
18,Постмодерн,112365,2,Низкая
19,Палитра,105460,2,Низкая
20,Новое искусство,102775,2,Низкая
21,Динамика,98140,2,Низкая
22,Ретушь,63280,2,Низкая
23,Муза,56000,2,Низкая
