﻿id_place;name_place;domain_place
1;Этюд;Реализм
2;Мольберт;Реализм
3;Плэнер;Реализм
4;Перспектива;Реализм
5;Колорит;Реализм
6;Технология;Реализм
7;Партитура;Реализм
8;Ритм;Футуризм
9;Перфоманс;Футуризм
10;Пастель;Футуризм
11;Гризайл;Футуризм
12;Ветер;Футуризм
13;Холод;Футуризм
14;Кисть;Футуризм
15;Палитра;Модернизм
16;Ретушь;Модернизм
17;Афиша;Модернизм
18;Монолог;Модернизм
19;Динамика;Модернизм
20;Постмодерн;Модернизм
21;Арт;Модернизм
22;Муза;Абстрационизм
23;Новое искусство;Абстрационизм
